<?xml version="1.0" encoding="UTF-8"?>
<java version="1.8.0_66" class="java.beans.XMLDecoder">
 <object class="java.util.ArrayList">
  <void method="add">
   <object class="SalesWorker">
    <void property="firstName">
     <string>Sam</string>
    </void>
    <void property="hourlyRate">
     <double>10.0</double>
    </void>
    <void property="salesBonus">
     <double>10.0</double>
    </void>
    <void property="secondName">
     <string>Greene</string>
    </void>
   </object>
  </void>
  <void method="add">
   <object class="TempWorker">
    <void property="firstName">
     <string>Jack </string>
    </void>
    <void property="hourlyRate">
     <double>11.0</double>
    </void>
    <void property="secondName">
     <string>Donoghue</string>
    </void>
   </object>
  </void>
 </object>
</java>
