<?xml version="1.0" encoding="UTF-8"?>
<java version="1.8.0_66" class="java.beans.XMLDecoder">
 <object class="java.util.ArrayList">
  <void method="add">
   <object class="Manager">
    <void property="dept">
     <object class="java.util.ArrayList"/>
    </void>
    <void property="firstName">
     <string>Sam</string>
    </void>
    <void property="hourlyRate">
     <double>20.0</double>
    </void>
    <void property="secondName">
     <string>Sheehan</string>
    </void>
   </object>
  </void>
  <void method="add">
   <object class="SalesWorker">
    <void property="firstName">
     <string>James</string>
    </void>
    <void property="hourlyRate">
     <double>15.0</double>
    </void>
    <void property="salesBonus">
     <double>10.0</double>
    </void>
    <void property="secondName">
     <string>Joyce</string>
    </void>
   </object>
  </void>
  <void method="add">
   <object class="TempWorker">
    <void property="firstName">
     <string>Seamus</string>
    </void>
    <void property="hourlyRate">
     <double>11.0</double>
    </void>
    <void property="secondName">
     <string>Heaney</string>
    </void>
   </object>
  </void>
  <void method="add">
   <object class="SalesWorker">
    <void property="firstName">
     <string>Patrick</string>
    </void>
    <void property="hourlyRate">
     <double>17.0</double>
    </void>
    <void property="salesBonus">
     <double>8.0</double>
    </void>
    <void property="secondName">
     <string>Kavanagh</string>
    </void>
   </object>
  </void>
  <void method="add">
   <object class="Manager">
    <void property="bonus">
     <double>250.0</double>
    </void>
    <void property="dept">
     <object class="java.util.ArrayList"/>
    </void>
    <void property="firstName">
     <string>W.B</string>
    </void>
    <void property="hourlyRate">
     <double>15.0</double>
    </void>
    <void property="secondName">
     <string>Yeats</string>
    </void>
   </object>
  </void>
 </object>
</java>
